index_ntotal,gt_ntotal,R@1,R@10,R@100
100000,100000,0.9654,0.934565,0.843038
100000,101000,0.9557,0.925063,0.834561
100000,102000,0.939,0.91104,0.824297
100000,103000,0.9259,0.896657,0.812933
100000,104000,0.9147,0.885107,0.803299
100000,105000,0.904,0.875253,0.794443
100000,106000,0.8933,0.863912,0.784998
100000,107000,0.8836,0.854522,0.777205
100000,108000,0.8755,0.846671,0.770486
100000,109000,0.8677,0.839421,0.764123
100000,110000,0.8613,0.833451,0.759222
100000,111000,0.8545,0.826812,0.753275
100000,112000,0.8489,0.819871,0.747172
100000,113000,0.8378,0.810691,0.739504
100000,114000,0.8285,0.803102,0.73303
100000,115000,0.8222,0.797113,0.728058
100000,116000,0.8175,0.791524,0.723324
100000,117000,0.8118,0.786105,0.719231
100000,118000,0.8056,0.781165,0.715661
100000,119000,0.7997,0.777346,0.712255
100000,120000,0.7959,0.773676,0.709149
100000,121000,0.7911,0.769387,0.705514
100000,122000,0.7854,0.764517,0.70102
100000,123000,0.7781,0.756238,0.693117
100000,124000,0.7715,0.749519,0.687207
100000,125000,0.7653,0.74368,0.681721
100000,126000,0.7616,0.73881,0.677247
100000,127000,0.7584,0.734102,0.672633
100000,128000,0.7541,0.729712,0.668504
100000,129000,0.7504,0.725422,0.664609
100000,130000,0.7466,0.721332,0.660606
100000,131000,0.7415,0.716063,0.655604
100000,132000,0.7353,0.710084,0.650063
100000,133000,0.7302,0.705125,0.64591
100000,134000,0.7268,0.700695,0.642317
100000,135000,0.7224,0.697025,0.639005
100000,136000,0.719,0.693286,0.635993
100000,137000,0.7154,0.689786,0.633223
100000,138000,0.7124,0.687076,0.630839
100000,139000,0.7094,0.684186,0.628236
100000,140000,0.7051,0.680806,0.625454
100000,141000,0.6986,0.674757,0.620577
100000,142000,0.6922,0.670007,0.616195
100000,143000,0.6887,0.665967,0.612569
100000,144000,0.6851,0.662427,0.609032
100000,145000,0.6818,0.659317,0.606021
100000,146000,0.6787,0.656177,0.603248
100000,147000,0.6769,0.653717,0.600755
100000,148000,0.6751,0.651427,0.598562
100000,149000,0.6735,0.648907,0.596534
100000,150000,0.6714,0.646637,0.594498
100000,151000,0.6692,0.644257,0.59251
100000,152000,0.6626,0.638257,0.587103
100000,153000,0.6577,0.634027,0.583356
100000,154000,0.6542,0.630608,0.580173
100000,155000,0.6508,0.627388,0.57716
100000,156000,0.6485,0.624578,0.574419
100000,157000,0.6458,0.621557,0.571523
100000,158000,0.6429,0.618307,0.568392
100000,159000,0.6384,0.613898,0.564311
100000,160000,0.6356,0.610808,0.561415
100000,161000,0.6331,0.608188,0.558749
100000,162000,0.6311,0.605748,0.55633
100000,163000,0.629,0.603518,0.55402
100000,164000,0.627,0.601508,0.552068
100000,165000,0.6254,0.599738,0.55038
100000,166000,0.6235,0.598078,0.548781
100000,167000,0.6217,0.596068,0.547019
100000,168000,0.6202,0.594228,0.545388
100000,169000,0.6165,0.591038,0.542671
100000,170000,0.612,0.587637,0.53977
100000,171000,0.6082,0.584677,0.537006
100000,172000,0.6061,0.581998,0.534726
100000,173000,0.6046,0.580007,0.532906
100000,174000,0.6023,0.577767,0.530967
100000,175000,0.5991,0.574897,0.52844
100000,176000,0.5956,0.572327,0.526159
100000,177000,0.5932,0.570187,0.524237
100000,178000,0.591,0.568058,0.522434
100000,179000,0.5889,0.565917,0.520725
100000,180000,0.5868,0.563697,0.518827
100000,181000,0.583,0.561077,0.51636
100000,182000,0.5793,0.557848,0.513674
100000,183000,0.5764,0.555248,0.511354
100000,184000,0.5742,0.552828,0.509203
100000,185000,0.5724,0.551068,0.507488
100000,186000,0.5704,0.549168,0.505824
100000,187000,0.5661,0.545589,0.503031
100000,188000,0.5622,0.542049,0.499924
100000,189000,0.5584,0.537969,0.496818
100000,190000,0.5544,0.534589,0.49407
100000,191000,0.5468,0.52799,0.488297
100000,192000,0.542,0.52333,0.483683
100000,193000,0.5384,0.52005,0.480798
100000,194000,0.5351,0.516561,0.477808
100000,195000,0.5318,0.513201,0.475117
100000,196000,0.5283,0.510281,0.472693
100000,197000,0.5254,0.507911,0.470565
100000,198000,0.5224,0.505411,0.468434
100000,199000,0.5201,0.502981,0.466187
100000,200000,0.5174,0.500191,0.463696
100000,201000,0.5148,0.496811,0.460886
100000,202000,0.5125,0.494281,0.458599
100000,203000,0.5099,0.492181,0.45657
100000,204000,0.508,0.490051,0.454423
100000,205000,0.506,0.487691,0.452299
100000,206000,0.504,0.485571,0.450249
100000,207000,0.5018,0.4832,0.448064
100000,208000,0.4953,0.47829,0.443595
100000,209000,0.4927,0.47584,0.441337
100000,210000,0.4905,0.474051,0.439787
100000,211000,0.4887,0.471561,0.437628
100000,212000,0.4847,0.46868,0.435416
100000,213000,0.4827,0.46667,0.433546
100000,214000,0.4815,0.4652,0.432196
100000,215000,0.4801,0.46342,0.430423
100000,216000,0.478,0.46091,0.428106
100000,217000,0.476,0.45816,0.425395
100000,218000,0.4737,0.45581,0.423246
100000,219000,0.4725,0.4541,0.421523
100000,220000,0.4707,0.451981,0.419847
100000,221000,0.4697,0.450681,0.418432
100000,222000,0.4684,0.449251,0.417137
100000,223000,0.4664,0.447351,0.415676
100000,224000,0.4633,0.444601,0.41288
100000,225000,0.46,0.441371,0.410141
100000,226000,0.4578,0.439061,0.408006
100000,227000,0.4551,0.436891,0.405929
100000,228000,0.4514,0.433511,0.403158
100000,229000,0.4486,0.431191,0.401252
100000,230000,0.4469,0.429592,0.399696
100000,231000,0.4453,0.427811,0.398228
100000,232000,0.4443,0.426451,0.396779
100000,233000,0.4416,0.424171,0.394674
100000,234000,0.4391,0.422071,0.39306
100000,235000,0.4364,0.420471,0.39179
100000,236000,0.435,0.418831,0.390381
100000,237000,0.4334,0.416881,0.388644
100000,238000,0.4316,0.414811,0.386581
100000,239000,0.4302,0.413271,0.385031
100000,240000,0.4291,0.411841,0.383756
100000,241000,0.4282,0.41036,0.38248
100000,242000,0.4267,0.40914,0.381131
100000,243000,0.4244,0.40728,0.379494
100000,244000,0.4235,0.40623,0.37846
100000,245000,0.4226,0.40519,0.377371
100000,246000,0.4211,0.40398,0.3763
100000,247000,0.419,0.40202,0.374542
100000,248000,0.4168,0.40005,0.372756
100000,249000,0.415,0.39829,0.371053
100000,250000,0.4131,0.39649,0.36958
100000,251000,0.4104,0.39515,0.368253
100000,252000,0.4091,0.39363,0.366963
100000,253000,0.4076,0.39218,0.365892
100000,254000,0.406,0.39097,0.364584
100000,255000,0.4039,0.38928,0.362927
100000,256000,0.4023,0.38754,0.361448
100000,257000,0.4003,0.385961,0.360136
100000,258000,0.3991,0.38498,0.358946
100000,259000,0.3974,0.38354,0.357782
100000,260000,0.3962,0.38231,0.356684
100000,261000,0.3951,0.38094,0.355525
100000,262000,0.3935,0.37933,0.354019
100000,263000,0.3927,0.3779,0.352812
100000,264000,0.3914,0.37691,0.351828
100000,265000,0.3914,0.3754,0.35032
100000,266000,0.3914,0.37427,0.348971
100000,267000,0.3914,0.373221,0.347842
100000,268000,0.3914,0.3723,0.346773
100000,269000,0.3914,0.37121,0.345658
100000,270000,0.3914,0.37018,0.344534
100000,271000,0.3914,0.36915,0.343378
100000,272000,0.3914,0.36789,0.342045
100000,273000,0.3914,0.36653,0.34067
100000,274000,0.3914,0.36534,0.339554
100000,275000,0.3914,0.36408,0.338473
100000,276000,0.3914,0.36324,0.33754
100000,277000,0.3914,0.36221,0.336638
100000,278000,0.3914,0.36128,0.335647
100000,279000,0.3902,0.35948,0.333957
100000,280000,0.3878,0.357751,0.332181
100000,281000,0.386,0.356211,0.33069
100000,282000,0.3846,0.354941,0.329528
100000,283000,0.3831,0.353591,0.328409
100000,284000,0.3807,0.352351,0.32735
100000,285000,0.3797,0.3513,0.326384
100000,286000,0.379,0.35037,0.325508
100000,287000,0.3777,0.349411,0.324703
100000,288000,0.377,0.348571,0.323878
100000,289000,0.3759,0.347561,0.323091
100000,290000,0.3753,0.346681,0.322359
100000,291000,0.3746,0.346091,0.321735
100000,292000,0.3738,0.345191,0.320861
100000,293000,0.3725,0.34376,0.319313
100000,294000,0.3707,0.342461,0.318045
100000,295000,0.3684,0.341231,0.316815
100000,296000,0.3676,0.340181,0.31571
100000,297000,0.3659,0.339041,0.314816
100000,298000,0.365,0.338001,0.313886
100000,299000,0.3643,0.337021,0.312971
100000,300000,0.3638,0.336101,0.312198
100000,301000,0.363,0.335301,0.311418
100000,302000,0.3618,0.334651,0.310782
100000,303000,0.3605,0.333901,0.3101
100000,304000,0.3598,0.333311,0.309442
100000,305000,0.3589,0.332541,0.308757
100000,306000,0.357,0.331211,0.30731
100000,307000,0.3558,0.330091,0.306218
100000,308000,0.355,0.329071,0.305295
100000,309000,0.3538,0.328161,0.3045
100000,310000,0.3528,0.327481,0.303728
100000,311000,0.3514,0.326481,0.302894
100000,312000,0.3504,0.325721,0.302187
100000,313000,0.3492,0.324971,0.301568
100000,314000,0.3482,0.324191,0.300911
100000,315000,0.3477,0.323551,0.300231
100000,316000,0.3466,0.322821,0.299647
100000,317000,0.3463,0.322301,0.299048
100000,318000,0.3456,0.321731,0.298503
100000,319000,0.3451,0.321181,0.298059
100000,320000,0.3446,0.320751,0.297532
100000,321000,0.3441,0.320131,0.296963
100000,322000,0.343,0.319021,0.295919
100000,323000,0.3411,0.318041,0.294903
100000,324000,0.34,0.317261,0.29407
100000,325000,0.3389,0.316391,0.293375
100000,326000,0.3383,0.315641,0.292762
100000,327000,0.3371,0.314861,0.292099
100000,328000,0.3365,0.314191,0.291491
100000,329000,0.336,0.313611,0.290896
100000,330000,0.3353,0.312961,0.29034
100000,331000,0.3349,0.312531,0.289867
100000,332000,0.3343,0.31198,0.289387
100000,333000,0.3335,0.31146,0.288855
100000,334000,0.3327,0.310961,0.288449
100000,335000,0.332,0.310461,0.287994
100000,336000,0.3314,0.309941,0.287532
100000,337000,0.3296,0.308981,0.286647
100000,338000,0.3284,0.307891,0.285586
100000,339000,0.3276,0.307041,0.284822
100000,340000,0.3268,0.306171,0.284062
100000,341000,0.3259,0.305441,0.28339
100000,342000,0.3254,0.304771,0.282788
100000,343000,0.3249,0.304191,0.282265
100000,344000,0.324,0.303701,0.281762
100000,345000,0.3234,0.303051,0.281281
100000,346000,0.3229,0.302521,0.280837
100000,347000,0.3219,0.301911,0.280384
100000,348000,0.321,0.301431,0.279886
100000,349000,0.3207,0.300991,0.279447
100000,350000,0.3202,0.300571,0.278939
100000,351000,0.3197,0.299421,0.278013
100000,352000,0.3185,0.298351,0.277037
100000,353000,0.3174,0.297491,0.276331
100000,354000,0.3166,0.296631,0.275687
100000,355000,0.316,0.295961,0.275061
100000,356000,0.3155,0.295501,0.274507
100000,357000,0.3152,0.294891,0.274034
100000,358000,0.3144,0.294441,0.273582
100000,359000,0.3137,0.293931,0.273128
100000,360000,0.3132,0.293521,0.272708
100000,361000,0.3127,0.293091,0.272292
100000,362000,0.3123,0.292691,0.271825
100000,363000,0.3121,0.292271,0.271386
100000,364000,0.3116,0.291431,0.27047
100000,365000,0.3104,0.290591,0.26962
100000,366000,0.3096,0.289861,0.268948
100000,367000,0.3091,0.289351,0.2684
100000,368000,0.3089,0.288791,0.267912
100000,369000,0.3084,0.288241,0.267441
100000,370000,0.3078,0.28761,0.266964
100000,371000,0.3074,0.28719,0.266463
100000,372000,0.3068,0.286741,0.265998
100000,373000,0.3061,0.286281,0.265504
100000,374000,0.3049,0.2847,0.264275
100000,375000,0.3033,0.283261,0.262977
100000,376000,0.302,0.282131,0.261937
100000,377000,0.301,0.28131,0.261137
100000,378000,0.3005,0.28063,0.260501
100000,379000,0.2982,0.2797,0.259651
100000,380000,0.2973,0.27863,0.258689
100000,381000,0.2964,0.27782,0.25806
100000,382000,0.2958,0.277,0.257416
100000,383000,0.2952,0.27652,0.256908
100000,384000,0.2944,0.27584,0.256415
100000,385000,0.2936,0.27522,0.255856
100000,386000,0.2927,0.27438,0.255213
100000,387000,0.2921,0.27366,0.254563
100000,388000,0.2912,0.27303,0.254056
100000,389000,0.2909,0.27257,0.253585
100000,390000,0.2898,0.27146,0.252586
100000,391000,0.2888,0.27051,0.251837
100000,392000,0.288,0.26963,0.251031
100000,393000,0.287,0.26899,0.250429
100000,394000,0.2863,0.26831,0.249875
100000,395000,0.2861,0.26784,0.249431
100000,396000,0.2857,0.26731,0.249039
100000,397000,0.2852,0.26687,0.248486
100000,398000,0.2838,0.266,0.247734
100000,399000,0.2828,0.2651,0.247101
100000,400000,0.2823,0.26442,0.246463
100000,401000,0.2817,0.26374,0.245788
100000,402000,0.2805,0.26308,0.245065
100000,403000,0.2799,0.26247,0.244463
100000,404000,0.2797,0.26187,0.243871
100000,405000,0.2791,0.261,0.243224
100000,406000,0.2783,0.26015,0.242451
100000,407000,0.2769,0.25921,0.241638
100000,408000,0.2763,0.25866,0.241132
100000,409000,0.2758,0.25813,0.240732
100000,410000,0.2752,0.25738,0.240005
100000,411000,0.2747,0.25619,0.239015
100000,412000,0.2735,0.25534,0.238248
100000,413000,0.2729,0.25461,0.237665
100000,414000,0.2722,0.25396,0.237059
100000,415000,0.2715,0.25331,0.236507
100000,416000,0.2704,0.25255,0.235854
100000,417000,0.2697,0.2518,0.235086
100000,418000,0.2691,0.25104,0.234493
100000,419000,0.2688,0.2506,0.234106
100000,420000,0.268,0.24992,0.233519
100000,421000,0.2665,0.249219,0.232955
100000,422000,0.2649,0.248149,0.231896
100000,423000,0.2629,0.246959,0.231147
100000,424000,0.2605,0.245349,0.229994
100000,425000,0.2594,0.244489,0.229293
100000,426000,0.2586,0.243759,0.228745
100000,427000,0.258,0.242899,0.227954
100000,428000,0.2571,0.242149,0.227255
100000,429000,0.2564,0.241399,0.2267
100000,430000,0.2553,0.240589,0.225926
100000,431000,0.2544,0.239869,0.225234
100000,432000,0.2537,0.239369,0.224678
100000,433000,0.2534,0.238639,0.224165
100000,434000,0.2527,0.238169,0.223708
100000,435000,0.2522,0.237759,0.22329
100000,436000,0.2514,0.237229,0.222925
100000,437000,0.2511,0.236799,0.222578
100000,438000,0.2505,0.236429,0.222228
100000,439000,0.25,0.236088,0.22189
100000,440000,0.2498,0.235668,0.22149
100000,441000,0.2491,0.235318,0.221181
100000,442000,0.2481,0.234678,0.220695
100000,443000,0.2474,0.233848,0.219892
100000,444000,0.2462,0.232288,0.218639
100000,445000,0.2458,0.231738,0.217898
100000,446000,0.2448,0.230658,0.216564
100000,447000,0.2443,0.229968,0.215314
100000,448000,0.2438,0.229308,0.21448
100000,449000,0.2427,0.228498,0.213804
100000,450000,0.242,0.227948,0.213237
100000,451000,0.2416,0.227498,0.21282
100000,452000,0.2412,0.227108,0.212396
100000,453000,0.2402,0.226548,0.211819
100000,454000,0.2395,0.226047,0.211366
100000,455000,0.2391,0.225537,0.210985
100000,456000,0.2382,0.225227,0.210637
100000,457000,0.2375,0.224807,0.210332
100000,458000,0.2369,0.224367,0.21003
100000,459000,0.2366,0.223857,0.209544
100000,460000,0.2363,0.223357,0.209102
100000,461000,0.2355,0.222877,0.208733
100000,462000,0.2349,0.222467,0.208362
100000,463000,0.2343,0.222187,0.208021
100000,464000,0.2342,0.221867,0.207777
100000,465000,0.2339,0.221437,0.207452
100000,466000,0.2335,0.221027,0.207044
100000,467000,0.233,0.220517,0.206595
100000,468000,0.2322,0.219867,0.206028
100000,469000,0.2315,0.219287,0.205522
100000,470000,0.2308,0.218686,0.204951
100000,471000,0.2304,0.218156,0.204501
100000,472000,0.2291,0.217486,0.20393
100000,473000,0.2284,0.216816,0.203383
100000,474000,0.2279,0.216196,0.202772
100000,475000,0.2272,0.215656,0.202323
100000,476000,0.2266,0.215146,0.201853
100000,477000,0.2254,0.214176,0.201252
100000,478000,0.2249,0.213326,0.200644
100000,479000,0.2244,0.212686,0.200124
100000,480000,0.2238,0.212086,0.19965
100000,481000,0.2235,0.211336,0.19902
100000,482000,0.2233,0.210676,0.198506
100000,483000,0.2228,0.210175,0.198049
100000,484000,0.2221,0.209765,0.197622
100000,485000,0.2218,0.209325,0.197198
100000,486000,0.2214,0.208845,0.196834
100000,487000,0.2214,0.208425,0.196466
100000,488000,0.2209,0.207965,0.195948
100000,489000,0.2201,0.207475,0.195532
100000,490000,0.2192,0.207125,0.195147
100000,491000,0.2185,0.206695,0.194817
100000,492000,0.218,0.206285,0.194543
100000,493000,0.2174,0.205985,0.194262
100000,494000,0.2169,0.205635,0.193986
100000,495000,0.2168,0.205245,0.193729
100000,496000,0.2164,0.204815,0.193422
100000,497000,0.2157,0.204395,0.193021
100000,498000,0.215,0.203895,0.192543
100000,499000,0.2147,0.203435,0.192137
100000,500000,0.2143,0.202985,0.191717
100000,501000,0.214,0.202665,0.191379
100000,502000,0.2139,0.202345,0.191003
100000,503000,0.2135,0.201825,0.190532
100000,504000,0.2131,0.201345,0.190114
100000,505000,0.2127,0.200995,0.189731
100000,506000,0.2121,0.200595,0.189382
100000,507000,0.2121,0.200305,0.189042
100000,508000,0.212,0.200005,0.188709
100000,509000,0.2116,0.199785,0.188428
100000,510000,0.2113,0.199495,0.188104
100000,511000,0.2111,0.199035,0.187736
100000,512000,0.21,0.198465,0.187304
100000,513000,0.2091,0.198015,0.186891
100000,514000,0.2087,0.197545,0.186511
100000,515000,0.2076,0.196835,0.185999
100000,516000,0.2069,0.196275,0.185541
100000,517000,0.2064,0.195725,0.185029
100000,518000,0.206,0.195245,0.184557
100000,519000,0.2056,0.194725,0.184111
100000,520000,0.2053,0.194145,0.183688
100000,521000,0.2047,0.193725,0.18327
100000,522000,0.204,0.193145,0.182783
100000,523000,0.203,0.192625,0.182261
100000,524000,0.2026,0.192245,0.181845
100000,525000,0.2018,0.191675,0.181278
100000,526000,0.201,0.191185,0.180696
100000,527000,0.2005,0.190885,0.180247
100000,528000,0.2002,0.190525,0.179899
100000,529000,0.1997,0.190115,0.179579
100000,530000,0.1992,0.189715,0.179223
100000,531000,0.1991,0.189425,0.178985
100000,532000,0.1988,0.189135,0.178701
100000,533000,0.1984,0.188945,0.17843
100000,534000,0.1979,0.188595,0.178164
100000,535000,0.1974,0.188105,0.177713
100000,536000,0.197,0.187635,0.177277
100000,537000,0.1964,0.187065,0.176768
100000,538000,0.1962,0.186635,0.176387
100000,539000,0.1957,0.186095,0.175943
100000,540000,0.1953,0.185485,0.175428
100000,541000,0.1946,0.184905,0.174905
100000,542000,0.1944,0.184155,0.174315
100000,543000,0.1941,0.183765,0.173762
100000,544000,0.1939,0.183235,0.173263
100000,545000,0.1936,0.182865,0.172806
100000,546000,0.1931,0.182485,0.172411
100000,547000,0.1929,0.181905,0.171926
100000,548000,0.1922,0.181435,0.171528
100000,549000,0.1919,0.181165,0.171217
100000,550000,0.1914,0.180895,0.170946
100000,551000,0.1912,0.180615,0.17073
100000,552000,0.1911,0.180315,0.170454
100000,553000,0.1905,0.179955,0.170129
100000,554000,0.19,0.179545,0.169791
100000,555000,0.1895,0.179125,0.16941
100000,556000,0.1893,0.178845,0.169076
100000,557000,0.1887,0.178535,0.168768
100000,558000,0.188,0.178065,0.168472
100000,559000,0.187,0.177475,0.168074
100000,560000,0.1866,0.176975,0.167677
100000,561000,0.1862,0.176525,0.167156
100000,562000,0.1857,0.176195,0.166799
100000,563000,0.1855,0.175865,0.166498
100000,564000,0.1852,0.175585,0.16617
100000,565000,0.1851,0.175355,0.165862
100000,566000,0.185,0.175005,0.165579
100000,567000,0.1847,0.174635,0.16516
100000,568000,0.1844,0.174255,0.164767
100000,569000,0.184,0.173895,0.164396
100000,570000,0.1838,0.173455,0.16401
100000,571000,0.1833,0.173255,0.163737
100000,572000,0.1831,0.172985,0.163428
100000,573000,0.1827,0.172675,0.163122
100000,574000,0.1827,0.172385,0.162882
100000,575000,0.1825,0.172084,0.162613
100000,576000,0.1821,0.171714,0.162373
100000,577000,0.1816,0.171454,0.162118
100000,578000,0.1813,0.171194,0.161909
100000,579000,0.1809,0.170984,0.161733
100000,580000,0.1807,0.170814,0.161533
100000,581000,0.1806,0.170605,0.161366
100000,582000,0.1803,0.170455,0.161219
100000,583000,0.1803,0.170325,0.161071
100000,584000,0.1801,0.170105,0.160869
100000,585000,0.1798,0.169805,0.160611
100000,586000,0.1794,0.169585,0.160386
100000,587000,0.179,0.169445,0.160222
100000,588000,0.1789,0.169174,0.160031
100000,589000,0.1787,0.169024,0.159833
100000,590000,0.1787,0.168894,0.159677
100000,591000,0.1785,0.168774,0.159514
100000,592000,0.1785,0.168714,0.159371
100000,593000,0.1784,0.168535,0.159233
100000,594000,0.1782,0.168305,0.159039
100000,595000,0.1781,0.167984,0.158664
100000,596000,0.1778,0.167565,0.158353
100000,597000,0.1777,0.167215,0.158091
100000,598000,0.1777,0.166965,0.157865
100000,599000,0.1777,0.166705,0.157599
100000,600000,0.1772,0.166495,0.157331
100000,601000,0.177,0.166295,0.157063
100000,602000,0.1767,0.165935,0.156781
100000,603000,0.1764,0.165685,0.1565
100000,604000,0.1762,0.165355,0.156191
100000,605000,0.1756,0.165105,0.155886
100000,606000,0.1753,0.164815,0.155665
100000,607000,0.1751,0.164555,0.155433
100000,608000,0.175,0.164295,0.155188
100000,609000,0.175,0.164075,0.15499
100000,610000,0.1744,0.163685,0.154741
100000,611000,0.1738,0.163365,0.1545
100000,612000,0.1733,0.162935,0.154268
100000,613000,0.1728,0.162805,0.154065
100000,614000,0.1726,0.162615,0.153902
100000,615000,0.1726,0.162265,0.153685
100000,616000,0.1721,0.161835,0.153404
100000,617000,0.1718,0.161625,0.153136
100000,618000,0.1714,0.161315,0.152869
100000,619000,0.1708,0.160975,0.152577
100000,620000,0.1706,0.160695,0.152367
100000,621000,0.1705,0.160485,0.15218
100000,622000,0.1704,0.160295,0.151996
100000,623000,0.1702,0.160165,0.151874
100000,624000,0.1702,0.160015,0.15172
100000,625000,0.1701,0.159855,0.151587
100000,626000,0.1699,0.159735,0.151478
100000,627000,0.1698,0.159605,0.151356
100000,628000,0.1694,0.159485,0.151155
100000,629000,0.169,0.158965,0.150861
100000,630000,0.1685,0.158515,0.150647
100000,631000,0.1679,0.158265,0.150448
100000,632000,0.1674,0.157955,0.150221
100000,633000,0.1672,0.157605,0.149954
100000,634000,0.1666,0.157295,0.14968
100000,635000,0.1664,0.157035,0.149435
100000,636000,0.1664,0.156795,0.149181
100000,637000,0.1661,0.156485,0.14894
100000,638000,0.1656,0.156115,0.148619
100000,639000,0.1651,0.155805,0.148324
100000,640000,0.1649,0.155385,0.14808
100000,641000,0.164,0.154785,0.14765
100000,642000,0.1638,0.154395,0.147288
100000,643000,0.1633,0.154075,0.147036
100000,644000,0.1625,0.153755,0.146835
100000,645000,0.1624,0.153565,0.146662
100000,646000,0.1622,0.153335,0.146474
100000,647000,0.1619,0.153085,0.146247
100000,648000,0.1615,0.152845,0.145986
100000,649000,0.1609,0.152705,0.145773
100000,650000,0.1604,0.152455,0.145592
100000,651000,0.16,0.152275,0.145419
100000,652000,0.16,0.152095,0.145265
100000,653000,0.1597,0.151915,0.145115
100000,654000,0.1595,0.151795,0.144871
100000,655000,0.1594,0.151635,0.144622
100000,656000,0.1593,0.151315,0.144336
100000,657000,0.1591,0.151125,0.144106
100000,658000,0.1591,0.150935,0.143913
100000,659000,0.1588,0.150595,0.143633
100000,660000,0.1588,0.150405,0.143413
100000,661000,0.1586,0.150225,0.143216
100000,662000,0.1585,0.150085,0.143058
100000,663000,0.1585,0.149755,0.14279
100000,664000,0.1581,0.149535,0.142553
100000,665000,0.1581,0.149375,0.142374
100000,666000,0.158,0.149225,0.142198
100000,667000,0.1579,0.148975,0.141978
100000,668000,0.1573,0.148665,0.141653
100000,669000,0.1569,0.148385,0.14138
100000,670000,0.1568,0.148115,0.141128
100000,671000,0.1565,0.147935,0.14087
100000,672000,0.1563,0.147745,0.140667
100000,673000,0.156,0.147535,0.140373
100000,674000,0.1558,0.147275,0.140117
100000,675000,0.1556,0.147085,0.13994
100000,676000,0.1554,0.146915,0.139759
100000,677000,0.1554,0.146705,0.139624
100000,678000,0.155,0.146525,0.139435
100000,679000,0.1548,0.146235,0.139147
100000,680000,0.1545,0.146035,0.138921
100000,681000,0.1543,0.145855,0.138735
100000,682000,0.1539,0.145605,0.138488
100000,683000,0.1538,0.145335,0.138249
100000,684000,0.1534,0.145095,0.13799
100000,685000,0.1531,0.144855,0.137699
100000,686000,0.1526,0.144455,0.137444
100000,687000,0.1522,0.144275,0.137281
100000,688000,0.152,0.144105,0.137106
100000,689000,0.1516,0.143905,0.13695
100000,690000,0.1514,0.143725,0.136761
100000,691000,0.1511,0.143505,0.136533
100000,692000,0.1509,0.143365,0.136362
100000,693000,0.1509,0.143165,0.136218
100000,694000,0.1509,0.142935,0.136025
100000,695000,0.1507,0.142765,0.135828
100000,696000,0.1505,0.142515,0.135633
100000,697000,0.1503,0.142365,0.135456
100000,698000,0.1502,0.142195,0.135289
100000,699000,0.1499,0.141955,0.135034
100000,700000,0.1498,0.141775,0.134843
100000,701000,0.1498,0.141515,0.134657
100000,702000,0.1497,0.141385,0.134498
100000,703000,0.1495,0.141155,0.134329
100000,704000,0.1493,0.140855,0.13409
100000,705000,0.1488,0.140705,0.133889
100000,706000,0.1486,0.140555,0.133721
100000,707000,0.1485,0.140326,0.133543
100000,708000,0.1483,0.140156,0.133381
100000,709000,0.1479,0.139976,0.133165
100000,710000,0.1475,0.139826,0.132974
100000,711000,0.1475,0.139716,0.132804
100000,712000,0.1474,0.139546,0.132666
100000,713000,0.1473,0.139326,0.132522
100000,714000,0.1471,0.139186,0.132355
100000,715000,0.1469,0.139036,0.132213
100000,716000,0.1467,0.138906,0.132064
100000,717000,0.1466,0.138636,0.131892
100000,718000,0.1463,0.138456,0.13173
100000,719000,0.1461,0.138246,0.131551
100000,720000,0.1456,0.138006,0.13131
100000,721000,0.1452,0.137776,0.131112
100000,722000,0.145,0.137576,0.130966
100000,723000,0.1448,0.137396,0.130823
100000,724000,0.1445,0.137216,0.130606
100000,725000,0.1444,0.136996,0.130366
100000,726000,0.1442,0.136876,0.130187
100000,727000,0.1441,0.136676,0.130054
100000,728000,0.1439,0.136556,0.129907
100000,729000,0.1439,0.136396,0.129769
100000,730000,0.1439,0.136216,0.129635
100000,731000,0.1434,0.136036,0.129462
100000,732000,0.1432,0.135886,0.129316
100000,733000,0.143,0.135696,0.129106
100000,734000,0.1427,0.135616,0.128955
100000,735000,0.1424,0.135326,0.128804
100000,736000,0.1422,0.135156,0.12862
100000,737000,0.1421,0.134906,0.128465
100000,738000,0.142,0.134766,0.128325
100000,739000,0.1417,0.134646,0.128164
100000,740000,0.1416,0.134526,0.128004
100000,741000,0.1415,0.134386,0.127846
100000,742000,0.1415,0.134226,0.127702
100000,743000,0.1415,0.134146,0.127553
100000,744000,0.1414,0.134066,0.127423
100000,745000,0.1414,0.133926,0.127295
100000,746000,0.1413,0.133776,0.127162
100000,747000,0.1413,0.133636,0.127022
100000,748000,0.1411,0.133466,0.12685
100000,749000,0.1409,0.133276,0.126666
100000,750000,0.1408,0.133086,0.126511
100000,751000,0.1408,0.132926,0.126378
100000,752000,0.1407,0.132786,0.126228
100000,753000,0.1406,0.132676,0.126098
100000,754000,0.1403,0.132336,0.125926
100000,755000,0.1399,0.132056,0.125672
100000,756000,0.1398,0.131786,0.125462
100000,757000,0.1394,0.131626,0.125292
100000,758000,0.1393,0.131346,0.125139
100000,759000,0.139,0.131216,0.124989
100000,760000,0.1389,0.131116,0.124858
100000,761000,0.1386,0.130966,0.124751
100000,762000,0.1383,0.130826,0.124643
100000,763000,0.1382,0.130596,0.124504
100000,764000,0.1378,0.130386,0.124376
100000,765000,0.1377,0.130266,0.124265
100000,766000,0.1375,0.130156,0.124164
100000,767000,0.1374,0.130046,0.124075
100000,768000,0.1373,0.129886,0.123917
100000,769000,0.1368,0.129586,0.123651
100000,770000,0.1367,0.129396,0.123461
100000,771000,0.1364,0.129226,0.123251
100000,772000,0.1363,0.129106,0.123094
100000,773000,0.1362,0.129016,0.122923
100000,774000,0.1359,0.128846,0.122753
100000,775000,0.1357,0.128656,0.122613
100000,776000,0.1357,0.128556,0.1225
100000,777000,0.1353,0.128456,0.122381
100000,778000,0.1352,0.128266,0.122195
100000,779000,0.135,0.128136,0.122031
100000,780000,0.1349,0.127996,0.121893
100000,781000,0.1346,0.127846,0.121687
100000,782000,0.1344,0.127776,0.121546
100000,783000,0.1344,0.127676,0.121443
100000,784000,0.1344,0.127546,0.121334
100000,785000,0.1344,0.127366,0.121207
100000,786000,0.1343,0.127296,0.121058
100000,787000,0.1342,0.127186,0.120934
100000,788000,0.1341,0.127046,0.120795
100000,789000,0.1339,0.126876,0.120654
100000,790000,0.1339,0.126666,0.120542
100000,791000,0.1337,0.126466,0.120396
100000,792000,0.1334,0.126256,0.120237
100000,793000,0.1333,0.126186,0.120131
100000,794000,0.1333,0.126086,0.120024
100000,795000,0.1333,0.125976,0.119916
100000,796000,0.1328,0.125826,0.119769
100000,797000,0.1326,0.125726,0.11963
100000,798000,0.1325,0.125566,0.119489
100000,799000,0.1321,0.125406,0.119363
100000,800000,0.1319,0.125246,0.119227
100000,801000,0.1317,0.125146,0.119075
100000,802000,0.1316,0.124976,0.118944
100000,803000,0.1316,0.124806,0.118818
100000,804000,0.1316,0.124646,0.118696
100000,805000,0.1316,0.124506,0.118558
100000,806000,0.1314,0.124336,0.118435
100000,807000,0.1312,0.124136,0.118236
100000,808000,0.1311,0.123896,0.118012
100000,809000,0.1309,0.123696,0.117827
100000,810000,0.1306,0.123526,0.117641
100000,811000,0.1305,0.123406,0.117463
100000,812000,0.1304,0.123246,0.11732
100000,813000,0.1304,0.123046,0.117203
100000,814000,0.1304,0.122926,0.1171
100000,815000,0.1302,0.122766,0.116933
100000,816000,0.1302,0.122486,0.116589
100000,817000,0.1302,0.122386,0.116496
100000,818000,0.1302,0.122336,0.116425
100000,819000,0.1301,0.122196,0.116313
100000,820000,0.1301,0.122136,0.116212
100000,821000,0.1301,0.121957,0.116078
100000,822000,0.1299,0.121827,0.115957
100000,823000,0.1298,0.121687,0.115816
100000,824000,0.1298,0.121447,0.115635
100000,825000,0.1297,0.121287,0.115478
100000,826000,0.1295,0.121127,0.115337
100000,827000,0.1294,0.120887,0.115176
100000,828000,0.1289,0.120767,0.115056
100000,829000,0.1287,0.120627,0.114945
100000,830000,0.1286,0.120517,0.114838
100000,831000,0.1284,0.120317,0.114684
100000,832000,0.1284,0.120127,0.114526
100000,833000,0.1282,0.119957,0.114362
100000,834000,0.1279,0.119757,0.114208
100000,835000,0.1275,0.119567,0.114085
100000,836000,0.1272,0.119447,0.113932
100000,837000,0.127,0.119327,0.113794
100000,838000,0.1269,0.119267,0.113661
100000,839000,0.1269,0.119187,0.113557
100000,840000,0.1268,0.119067,0.113418
100000,841000,0.1266,0.118937,0.113251
100000,842000,0.1266,0.118797,0.113112
100000,843000,0.1261,0.118357,0.112829
100000,844000,0.1259,0.118137,0.112662
100000,845000,0.1257,0.117957,0.112498
100000,846000,0.1256,0.117807,0.112353
100000,847000,0.1253,0.117647,0.112231
100000,848000,0.1252,0.117477,0.112082
100000,849000,0.1249,0.117397,0.111993
100000,850000,0.1247,0.117297,0.11189
100000,851000,0.1246,0.117137,0.11175
100000,852000,0.1245,0.117007,0.111601
100000,853000,0.1244,0.116877,0.111482
100000,854000,0.1243,0.116777,0.111345
100000,855000,0.1241,0.116677,0.111208
100000,856000,0.124,0.116537,0.111061
100000,857000,0.1236,0.116467,0.110954
100000,858000,0.1234,0.116347,0.110838
100000,859000,0.1232,0.116277,0.110709
100000,860000,0.1232,0.116147,0.110562
100000,861000,0.123,0.116007,0.110451
100000,862000,0.1229,0.115857,0.110287
100000,863000,0.1227,0.115677,0.11013
100000,864000,0.1227,0.115477,0.109969
100000,865000,0.1227,0.115337,0.109852
100000,866000,0.1226,0.115197,0.109742
100000,867000,0.1223,0.115087,0.109632
100000,868000,0.122,0.114907,0.109473
100000,869000,0.1217,0.114727,0.109276
100000,870000,0.1216,0.114607,0.109095
100000,871000,0.1215,0.114437,0.108956
100000,872000,0.1214,0.114377,0.108799
100000,873000,0.1213,0.114287,0.108674
100000,874000,0.1213,0.114167,0.108572
100000,875000,0.1212,0.114037,0.108464
100000,876000,0.1212,0.113937,0.108386
100000,877000,0.121,0.113787,0.108275
100000,878000,0.1208,0.113517,0.108127
100000,879000,0.1207,0.113467,0.108022
100000,880000,0.1206,0.113337,0.107868
100000,881000,0.1204,0.113197,0.107715
100000,882000,0.1203,0.113117,0.107591
100000,883000,0.1202,0.113067,0.107484
100000,884000,0.12,0.112947,0.107375
100000,885000,0.12,0.112887,0.10728
100000,886000,0.12,0.112717,0.107134
100000,887000,0.12,0.112537,0.106983
100000,888000,0.1199,0.112397,0.106841
100000,889000,0.1199,0.112327,0.106725
100000,890000,0.1197,0.112207,0.106586
100000,891000,0.1195,0.112107,0.106446
100000,892000,0.1194,0.111987,0.106346
100000,893000,0.1193,0.111867,0.106213
100000,894000,0.1192,0.111727,0.1061
100000,895000,0.1192,0.111617,0.106
100000,896000,0.1191,0.111417,0.105853
100000,897000,0.1191,0.111307,0.105734
100000,898000,0.1191,0.111207,0.105644
100000,899000,0.119,0.111117,0.10556
100000,900000,0.1188,0.111007,0.105407
100000,901000,0.1185,0.110877,0.105285
100000,902000,0.1183,0.110757,0.105188
100000,903000,0.1183,0.110647,0.105096
100000,904000,0.1181,0.110477,0.104978
100000,905000,0.1181,0.110357,0.104829
100000,906000,0.1179,0.110217,0.104704
100000,907000,0.1177,0.110127,0.104575
100000,908000,0.1176,0.110087,0.10448
100000,909000,0.1175,0.109957,0.104385
100000,910000,0.1174,0.109867,0.104278
100000,911000,0.1174,0.109747,0.104151
100000,912000,0.1174,0.109627,0.104022
100000,913000,0.1174,0.109547,0.103906
100000,914000,0.1173,0.109387,0.10379
100000,915000,0.1173,0.109257,0.10369
100000,916000,0.1173,0.109117,0.103564
100000,917000,0.1173,0.109017,0.103464
100000,918000,0.1172,0.108887,0.103345
100000,919000,0.1172,0.108777,0.103228
100000,920000,0.1172,0.108647,0.10308
100000,921000,0.1171,0.108497,0.102946
100000,922000,0.1171,0.108357,0.10285
100000,923000,0.117,0.108177,0.102751
100000,924000,0.1165,0.108047,0.102629
100000,925000,0.1163,0.107927,0.102529
100000,926000,0.1162,0.107877,0.102433
100000,927000,0.1162,0.107837,0.102349
100000,928000,0.116,0.107737,0.102291
100000,929000,0.1159,0.107667,0.102232
100000,930000,0.1158,0.107547,0.102071
100000,931000,0.1158,0.107417,0.101937
100000,932000,0.1155,0.107268,0.101816
100000,933000,0.1152,0.107068,0.101691
100000,934000,0.115,0.106888,0.10159
100000,935000,0.1148,0.106778,0.101502
100000,936000,0.1147,0.106628,0.101409
100000,937000,0.1145,0.106558,0.101301
100000,938000,0.1145,0.106498,0.101226
100000,939000,0.1145,0.106448,0.101177
100000,940000,0.1144,0.106378,0.101108
100000,941000,0.1143,0.106228,0.100994
100000,942000,0.1141,0.106088,0.100865
100000,943000,0.114,0.106018,0.10077
100000,944000,0.1137,0.105928,0.100707
100000,945000,0.1137,0.105848,0.100638
100000,946000,0.1136,0.105768,0.100574
100000,947000,0.1136,0.105668,0.100495
100000,948000,0.1135,0.105538,0.100355
100000,949000,0.1134,0.105408,0.100249
100000,950000,0.1132,0.105288,0.100176
100000,951000,0.1132,0.105238,0.100101
100000,952000,0.1131,0.105198,0.100025
100000,953000,0.113,0.105158,0.0999485
100000,954000,0.1129,0.104908,0.0998595
100000,955000,0.1127,0.104858,0.0997855
100000,956000,0.1126,0.104778,0.0996795
100000,957000,0.1125,0.104688,0.0995835
100000,958000,0.1124,0.104618,0.0994765
100000,959000,0.1123,0.104508,0.0993765
100000,960000,0.1121,0.104418,0.0993005
100000,961000,0.112,0.104378,0.0992275
100000,962000,0.1119,0.104318,0.0991475
100000,963000,0.1119,0.104248,0.0990785
100000,964000,0.1117,0.104158,0.0989915
100000,965000,0.1114,0.104058,0.0988875
100000,966000,0.1113,0.103928,0.0988005
100000,967000,0.1113,0.103878,0.0987125
100000,968000,0.1112,0.103778,0.0986195
100000,969000,0.1111,0.103638,0.0985465
100000,970000,0.111,0.103578,0.0984514
100000,971000,0.1109,0.103408,0.0983704
100000,972000,0.1109,0.103288,0.0982815
100000,973000,0.1108,0.103228,0.0982084
100000,974000,0.1107,0.103168,0.0981334
100000,975000,0.1107,0.103078,0.0980434
100000,976000,0.1106,0.103008,0.0979754
100000,977000,0.1105,0.102848,0.0978974
100000,978000,0.1105,0.102788,0.0978004
100000,979000,0.1103,0.102688,0.0977154
100000,980000,0.1103,0.102618,0.0976544
100000,981000,0.1103,0.102518,0.0975794
100000,982000,0.1103,0.102458,0.0975324
100000,983000,0.1101,0.102348,0.0974374
100000,984000,0.1098,0.102258,0.0973484
100000,985000,0.1098,0.102198,0.0972844
100000,986000,0.1096,0.102178,0.0972094
100000,987000,0.1096,0.102118,0.0971344
100000,988000,0.1093,0.101948,0.0970294
100000,989000,0.1092,0.101858,0.0969264
100000,990000,0.1091,0.101788,0.0968214
100000,991000,0.109,0.101718,0.0967484
100000,992000,0.1089,0.101638,0.0966954
100000,993000,0.1086,0.101618,0.0966334
100000,994000,0.1084,0.101528,0.0965424
100000,995000,0.1083,0.101458,0.0964494
100000,996000,0.1082,0.101388,0.0963554
100000,997000,0.108,0.101238,0.0962404
100000,998000,0.1077,0.101108,0.0961544
100000,999000,0.1074,0.101048,0.0960604
100000,1000000,0.1073,0.100908,0.0959824
